"number","title","pageid","namespace","length","touched"
"1","Aerodynamics","2819","","40504","20210522170652"
"2","Anemometer","2994","","28274","20210521175858"
"3","Fluid_dynamics","11034","","35261","20210507163701"
"4","Jet_engine","15944","","60453","20210512122454"
"5","Lift_(force)","18009","","100694","20210520121042"
"6","Laminar_flow","18401","","11870","20210504124324"
"7","Mach_number","20051","","20132","20210521175013"
"8","Standard_conditions_for_temperature_and_pressure","27745","","29682","20210527072717"
"9","Wing","33537","","16133","20210521203356"
"10","Area_rule","34036","","16189","20210527071219"
"11","Thrust","37892","","12256","20210525143427"
"12","Wind_tunnel","38247","","48818","20210507193812"
"13","Windmill","43490","","37416","20210512050916"
"14","Ames_Research_Center","47477","","40575","20210515034901"
"15","Navier–Stokes_equations","48395","","82443","20210520171440"
"16","Hypersonic_speed","55244","","15751","20210418223412"
"17","Wright_brothers","58410","","143431","20210519040449"
"18","Supersonic_speed","61273","","15039","20210523093536"
"19","Aeroelasticity","75047","","21448","20210401082517"
"20","Biot–Savart_law","75110","","17926","20210502151820"
"21","Ground_effect_(aerodynamics)","76236","","16490","20210520113524"
"22","Stall_(fluid_dynamics)","81511","","53284","20210524153340"
"23","George_Cayley","81936","","22439","20210521054355"
"24","Gerald_Bull","97498","","48349","20210429015511"
"25","Center_of_pressure_(fluid_mechanics)","143133","","11965","20201218142151"
"26","Windpump","145193","","17727","20210227122830"
"27","Speed_of_sound","147853","","57128","20210522070716"
"28","Turbulence","154664","","41107","20210412155934"
"29","Vortex","154665","","25974","20210501171801"
"30","Flight","159472","","34695","20210524115046"
"31","Charles_Deutsch","162414","","6323","20210522140914"
"32","Robert_Choulet","162420","","3121","20210311215453"
"33","Wind_speed","165198","","14761","20210518162648"
"34","Drag_equation","171728","","10187","20210327144353"
"35","Drag_coefficient","172291","","21022","20210302141532"
"36","Sonic_boom","183824","","24350","20210521101024"
"37","Henri_Coandă","190460","","15023","20210517140437"
"38","Coandă_effect","191282","","40166","20210507182820"
"39","Theodore_von_Kármán","194063","","29178","20210518163449"
"40","Automotive_aerodynamics","200612","","11506","20201125150408"
"41","Compressible_flow","219144","","27580","20201220125234"
"42","Flight_dynamics_(fixed-wing_aircraft)","221400","","46882","20210303143623"
"43","Prandtl–Glauert_singularity","226187","","5255","20210405151323"
"44","Waverider","227086","","21262","20200714213325"
"45","Angle_of_attack","232102","","10651","20210426024435"
"46","Leading-edge_extension","237737","","7140","20201224222918"
"47","Vortex_generator","237744","","12272","20201212154126"
"48","Fume_hood","245842","","41745","20210519195753"
"49","Transonic","247737","","14334","20210502220736"
"50","Wave_drag","262270","","5657","20210110040947"
"51","Wind_power","277289","","176884","20210526212846"
"52","Airfoil","290053","","25761","20210523043151"
"53","Lift-to-drag_ratio","293639","","13073","20210525140731"
"54","Richard_T._Whitcomb","299841","","10577","20201215055445"
"55","Lift_coefficient","309930","","6842","20201215022630"
"56","Lift-induced_drag","309973","","12156","20210526124100"
"57","Clark_Y_airfoil","310378","","4968","20210524174534"
"58","Autorotation_(fixed-wing_aircraft)","311855","","6242","20200114193339"
"59","Wingtip_device","313398","","43198","20210526103455"
"60","George_Constantinescu","323207","","9941","20210516120705"
"61","Wing_loading","338965","","19530","20210519130010"
"62","Slow_flight","340302","","1901","20210108025719"
"63","Qian_Xuesen","343445","","40683","20210515214604"
"64","Alexander_Lippisch","362207","","15414","20210425132704"
"65","Dihedral_(aeronautics)","363204","","20187","20210518153441"
"66","Parasitic_drag","365262","","7887","20210525140811"
"67","George_W._Lewis","369652","","2270","20170706083509"
"68","Relaxed_stability","382802","","7925","20210228231337"
"69","Ceiling_(aeronautics)","403602","","5082","20210407161536"
"70","Octave_Chanute","404300","","19286","20210311030705"
"71","Frederick_W._Lanchester","420521","","39300","20210318163410"
"72","Slipstream","454925","","7387","20210214040446"
"73","Curveball","467830","","22076","20210525155626"
"74","Downforce","475276","","11131","20210329082624"
"75","Helmholtz's_theorems","477513","","4326","20200411205204"
"76","John_Joseph_Montgomery","493921","","49827","20210515170850"
"77","Blade_element_theory","495598","","28524","20210331051718"
"78","Ventilation_(architecture)","529891","","49376","20210114204807"
"79","Martin_Kutta","551234","","3223","20201202084125"
"80","Airspeed","570172","","12978","20210317081717"
"81","External_ballistics","584911","","106362","20210527081425"
"82","Blower_door","606803","","28803","20210217024259"
"83","G._I._Taylor","610133","","14696","20210518132043"
"84","Swing_bowling","678792","","20184","20210409191711"
"85","Crosswind","695757","","6009","20210303141757"
"86","Nikolay_Zhukovsky_(scientist)","714407","","7515","20210403152738"
"87","Slip_(aerodynamics)","746497","","12250","20210502192555"
"88","Kammback","747591","","18817","20210408143836"
"89","Ludwig_Prandtl","769148","","15865","20210517211818"
"90","Robert_Thomas_Jones_(engineer)","774400","","9202","20210113142401"
"91","Ocean_gyre","776619","","9420","20210421224039"
"92","Richard_von_Mises","821517","","19606","20210422044912"
"93","Vortex_ring","828001","","20947","20210512095101"
"94","Shock_tube","848494","","14832","20210505204313"
"95","Compression_lift","873307","","3095","20210212213117"
"96","Downwash","938244","","2297","20210326182101"
"97","Dimitri_Riabouchinsky","960802","","3241","20201115211700"
"98","Stabilator","977206","","8281","20210310070840"
"99","Heat_recovery_ventilation","1007484","","25075","20210526130209"
"100","Grille_(car)","1029526","","9826","20210430000657"
"101","Kármán_vortex_street","1041063","","15002","20210516112441"
"102","Georges_Abrial","1054053","","2229","20181214034107"
"103","Dutch_roll","1146172","","13530","20210420031245"
"104","Wingtip_vortices","1170314","","20185","20210418011828"
"105","Adrian_Newey","1281891","","28775","20210416223407"
"106","Phugoid","1418413","","7812","20200321214442"
"107","OPG_7_commemorative_turbine","1519238","","5606","20200422105609"
"108","Aircraft_flight_mechanics","1553856","","10320","20210312114536"
"109","Retreating_blade_stall","1565409","","6853","20210118180143"
"110","Vortex_ring_state","1565482","","10534","20210502205233"
"111","Ground_resonance","1565547","","3151","20200817002927"
"112","Critical_Mach_number","1639303","","4764","20210328181140"
"113","Shock_stall","1639361","","496","20190810190913"
"114","United_States_Air_Force_Stability_and_Control_Digital_DATCOM","1645401","","15099","20161222164817"
"115","Wing_warping","1647947","","8370","20210527134146"
"116","Geoff_Willis","1689046","","4550","20210411003619"
"117","Nose_cone_design","1693865","","21027","20210314105130"
"118","Vaneless_ion_wind_generator","1693910","","18573","20200923072938"
"119","Aerodynamic_heating","1711063","","10930","20210303012632"
"120","Edvard_Rusjan","1769811","","8605","20210329142757"
"121","Louver","1804871","","9827","20210117164940"
"122","Drag-reducing_aerospike","1810909","","5012","20210408163643"
"123","Yaw_drive","1893537","","5195","20210412171632"
"124","Headwind_and_tailwind","1914606","","3881","20210212204701"
"125","Talaria","1981177","","9100","20210524130517"
"126","Dietrich_Küchemann","2039749","","7575","20201225023526"
"127","Hugh_Latimer_Dryden","2086314","","13922","20210112211432"
"128","Trajectory_optimization","2116830","","32199","20210512004003"
"129","Drag_(physics)","2137292","","39414","20210527123426"
"130","Ballistic_coefficient","2201259","","45462","20210518184201"
"131","Helicopter_height–velocity_diagram","2239013","","4850","20201019170742"
"132","Foil_(fluid_mechanics)","2239614","","9476","20200715144422"
"133","Missile_Datcom","2312185","","969","20180603222329"
"134","Busemann_biplane","2414460","","5824","20210223014445"
"135","NACA_cowling","2505967","","4800","20210514123209"
"136","NACA_duct","2506410","","3939","20201210161453"
"137","Aeroacoustics","2518272","","12206","20210401104024"
"138","Stockbridge_damper","2667760","","8344","20201027155525"
"139","Drag_count","2684566","","2803","20210201113845"
"140","Oblique_shock","2786041","","8587","20210129204336"
"141","Airborne_wind_turbine","2795314","","12372","20210519210342"
"142","Turbulator","2799888","","2543","20200218210216"
"143","Loïc_Bigois","2838082","","3312","20210317145600"
"144","Antonia_Terzi","2854629","","2716","20210523173931"
"145","Rayleigh_flow","2887560","","10533","20210102114608"
"146","Subsonic_flight","2929554","","67","20160904184418"
"147","Blade_pitch","2994458","","7256","20210412183938"
"148","Choked_flow","2996488","","19915","20210408014044"
"149","Adverse_yaw","3026353","","9863","20200926131841"
"150","Coaxial_rotors","3082957","","11753","20210514184550"
"151","Aerodynamic_force","3100319","","3176","20201220125204"
"152","Wetted_area","3118707","","728","20191204205112"
"153","Banked_turn","3221992","","13458","20210517231049"
"154","Inertia_coupling","3252568","","8945","20210130001215"
"155","Joukowsky_transform","3392547","","11223","20200822071903"
"156","Elie_Carafoli","3420877","","5169","20210101003544"
"157","Skid_(aerodynamics)","3480112","","2895","20200617201926"
"158","Reynolds_transport_theorem","3488128","","12012","20200204034817"
"159","Low-g_condition","3512082","","3191","20200806220833"
"160","Helicopter_rotor","3512290","","47134","20210324130457"
"161","Gaetano_Crocco","3551941","","8985","20210503140657"
"162","Shock_diamond","3601462","","7734","20200908172818"
"163","Vortex_lift","3628901","","6482","20210128035811"
"164","Subsonic_and_transonic_wind_tunnel","3657610","","4221","20210217140223"
"165","Ludwieg_tube","3673778","","3333","20190827193434"
"166","Hypersonic_wind_tunnel","3677421","","7192","20210318174541"
"167","Supersonic_wind_tunnel","3721032","","4101","20201103002318"
"168","Camber_(aerodynamics)","3764060","","4772","20210408063933"
"169","Rotor–stator_interaction","3778786","","4616","20200209171614"
"170","Static_pressure","3871234","","10654","20210228153336"
"171","NACA_airfoil","4074700","","15875","20210511160918"
"172","Air_flow_bench","4100725","","15866","20200211201126"
"173","Conductor_gallop","4133988","","7525","20200714141333"
"174","Displacement_ventilation","4148087","","14460","20210116041209"
"175","Laminar_flow_cabinet","4148145","","2637","20210115133736"
"176","Vertical_wind_tunnel","4228371","","13571","20210226223841"
"177","Computational_aeroacoustics","4248526","","15672","20200425094739"
"178","Kutta_condition","4265190","","11314","20210403182927"
"179","Aircraft_dynamic_modes","4345279","","8420","20200510163648"
"180","Aerodium_Sigulda","4389862","","2675","20201127044510"
"181","Shuuto","4395461","","7255","20210115074026"
"182","Mark_D._Maughmer","4552236","","8487","20201215182919"
"183","Aerodynamic_center","4593346","","5956","20201115073440"
"184","Pitching_moment","4593428","","5421","20210518143146"
"185","Diffuser_(thermodynamics)","4656137","","3706","20210301205202"
"186","Relative_wind","4705847","","2744","20201023174306"
"187","Zero-lift_drag_coefficient","4859028","","3953","20210110231544"
"188","Drag_area","4859035","","861","20200624210806"
"189","Propulsive_efficiency","4866437","","8269","20210413032451"
"190","Boundary_layer_thickness","4894039","","29480","20210308005921"
"191","Wind_profile_power_law","4970411","","5890","20200630114558"
"192","Asymmetry_of_lift","4989310","","1986","20150304161405"
"193","Flow_visualization","5036574","","5488","20210110130044"
"194","Coordinated_flight","5066836","","4010","20201227004843"
"195","Pitch-up","5096257","","16293","20210508184727"
"196","Zero-lift_axis","5143318","","2045","20190629135635"
"197","Lagrangian_and_Eulerian_specification_of_the_flow_field","5289693","","6971","20210326145219"
"198","Ernst_R._G._Eckert","5472952","","4649","20201020040510"
"199","Translational_lift","5572541","","2111","20190519204656"
"200","Wheel-barrowing","5690654","","1968","20210405074702"
"201","Stability_derivatives","5730974","","20481","20210303103136"
"202","PAR_thrust","5890627","","2575","20190930023632"
"203","Wing_twist","5926024","","2549","20210514193927"
"204","Hermann_Glauert","5938701","","4804","20210324104820"
"205","Aerostatics","5950276","","2935","20210401152805"
"206","Energy_recovery_ventilation","6171623","","12447","20210320100503"
"207","Cooper–Harper_rating_scale","6193204","","8940","20200221184332"
"208","P-factor","6218947","","8814","20210130003954"
"209","Stanisław_Rogalski","6534065","","2026","20200830083414"
"210","Sweep_theory","6585242","","237","20170615165238"
"211","Aerodynamic_levitation","6791136","","5176","20201020025642"
"212","Bob_Bell_(motorsport)","6811452","","6874","20201230041208"
"213","Prandtl–Meyer_expansion_fan","6936536","","12631","20201211033322"
"214","Winged_helmet","7305408","","3861","20210117085710"
"215","Transverse_flow_effect","7384478","","2720","20191219210519"
"216","Anatol_Roshko","7539724","","3192","20210507233807"
"217","Passive_ventilation","7655739","","28898","20201231150556"
"218","Nikolas_Tombazis","7703010","","4846","20210316100426"
"219","Infiltration_(HVAC)","7756982","","4530","20210303090410"
"220","Dissymmetry_of_lift","7797960","","6300","20210409223801"
"221","Adolf_Busemann","7897913","","7462","20210120181934"
"222","Room_air_distribution","7942279","","4579","20210524155917"
"223","Anti-shock_body","8023439","","7768","20201230080805"
"224","Betz's_law","8099349","","16341","20210309133542"
"225","Unconventional_wind_turbines","8311050","","22804","20210526213422"
"226","History_of_wind_power","8312093","","37431","20210515114346"
"227","Moving_shock","8384818","","3340","20170624201150"
"228","Flap_back","8465233","","1385","20210110060111"
"229","Sears–Haack_body","8508055","","5196","20200716040036"
"230","Kutta–Joukowski_theorem","8606325","","22782","20210315124432"
"231","Merchant_wind_power","8607063","","4659","20210412194546"
"232","Center_of_gravity_of_an_aircraft","8660685","","21971","20201115074501"
"233","Wind_power_forecasting","8768560","","26785","20210326085652"
"234","Wind_atlas","8768888","","2044","20180204214726"
"235","External_flow","8793206","","3785","20210502174630"
"236","Hendrik_Tennekes","9012220","","3852","20200819092726"
"237","Aircraft_principal_axes","9023486","","8487","20210414005035"
"238","Horseshoe_vortex","9106586","","5171","20201211193736"
"239","Ground_effect_(cars)","9141957","","12654","20210301230955"
"240","Prandtl–Meyer_function","9175375","","2328","20190513153451"
"241","Bow_shock_(aerodynamics)","9212193","","2794","20191122043133"
"242","Max_Munk","9256119","","4123","20210422225149"
"243","Fanno_flow","9305752","","11453","20180803191241"
"244","Suspension_keel","9538946","","6979","20210522091244"
"245","Drag_crisis","9758780","","7199","20210108055916"
"246","Spin_kit","9789521","","927","20160726204622"
"247","Controlled_aerodynamic_instability_phenomena","9930466","","5783","20210222205110"
"248","John_D._Anderson","9937735","","5542","20210514222914"
"249","Unitary_Plan_Wind_Tunnel_(Mountain_View,_California)","10037111","","9130","20210330195428"
"250","Wind_engineering","10042977","","11021","20210226071116"
"251","Autorotation","10102182","","13143","20201230100334"
"252","Drag-divergence_Mach_number","10137513","","4240","20200922200715"
"253","Coffin_corner_(aerodynamics)","10630682","","10663","20210328181608"
"254","Derivation_of_the_Navier–Stokes_equations","10656445","","36646","20210314042405"
"255","Fineness_ratio","10832464","","4477","20201012193441"
"256","Wind_power_in_Asia","10928315","","6468","20200629035251"
"257","LM_Wind_Power","10929493","","5259","20210527144911"
"258","Lifting-line_theory","11465932","","19165","20201222145505"
"259","Hayes_similitude_principle","11551960","","3485","20190103093050"
"260","Wallace_D._Hayes","11552241","","4366","20200922195526"
"261","Global_Wind_Energy_Council","11584119","","1956","20210415114208"
"262","Angle_of_climb","11760149","","1787","20210525004919"
"263","Brownout_(aeronautics)","11917956","","25913","20210114064748"
"264","Aeromechanics","12019156","","763","20210524091845"
"265","Downdraft_table","12093739","","801","20201001041314"
"266","Static_margin","12127040","","5865","20161109173315"
"267","Aeroprediction","12374512","","17109","20210504202510"
"268","Aircraft_specific_energy","12706857","","2028","20210525013722"
"269","Starting_vortex","12870923","","3365","20210521172123"
"270","Fan_(machine)","12877572","","34304","20210526073725"
"271","Gertrude_Rogallo","12888464","","1083","20181110184333"
"272","Irmgard_Flügge-Lotz","12972835","","17955","20210502114421"
"273","Küssner_effect","13016351","","4359","20210521201420"
"274","Automobile_drag_coefficient","13036200","","116905","20210523110346"
"275","Jakob_Ackeret","13225683","","4299","20210315092958"
"276","Trisonic_Wind_Tunnel","13288599","","6790","20200829215224"
"277","Skid-to-turn","13298565","","1522","20161104021747"
"278","Theodore_Theodorsen","13348295","","16691","20200428021604"
"279","Saul_Griffith","13449570","","5749","20201214204601"
"280","Washout_(aeronautics)","13512341","","4903","20210127220552"
"281","Windbelt","13731710","","5007","20210509221536"
"282","Eastman_Jacobs","13785309","","3598","20210427051426"
"283","Lincoln_Street_Ventilation_Stack","13787846","","6391","20201128234029"
"284","Ventilation_shaft","13804732","","1970","20210501222652"
"285","Maneuvering_speed","13818545","","5110","20210321075008"
"286","Keel_effect","13825072","","3077","20201128192154"
"287","Wolfgang_Haack","13892782","","7334","20210328101434"
"288","Hypersonic_flight","14564979","","59982","20210505022948"
"289","Normal_shock_tables","14609763","","28497","20200510200951"
"290","Longitudinal_static_stability","14641222","","17885","20200909092337"
"291","Shock-capturing_method","14703713","","8298","20190912033008"
"292","Einstein–Hopf_drag","15068567","","1926","20201215061046"
"293","Sectional_density","15853493","","9505","20210515215559"
"294","Wind_rights","16083864","","3864","20200601164208"
"295","Vortex_lattice_method","16321447","","12182","20210503035840"
"296","Vented_balance_safety_enclosure","16747443","","3081","20190628233625"
"297","Roll_program","16811582","","4406","20210321075937"
"298","USAF_Stability_and_Control_DATCOM","16818862","","3815","20160514062714"
"299","Full-Scale_Wind_Tunnel","16862142","","6856","20200502012232"
"300","Eight-Foot_High_Speed_Tunnel","16870100","","6826","20190919150728"
"301","Variable_Density_Tunnel","16893985","","13336","20210423121715"
"302","WindShear","16945858","","3062","20210407180636"
"303","Bargeboard_(aerodynamics)","17139421","","3576","20210302040825"
"304","Wind_energy_software","17199167","","12363","20210201195913"
"305","WAsP","17387012","","1840","20190919091128"
"306","Aerobiological_engineering","17571895","","6234","20201105023317"
"307","Wind_power_industry","17877275","","6979","20210107221016"
"308","Community_wind_energy","17977641","","33009","20210303125302"
"309","List_of_wind_power_consulting_companies","18260205","","2012","20210329122153"
"310","Prandtl–Glauert_transformation","18785802","","9170","20210329205415"
"311","Ryōichi_Yazu","18808805","","4517","20210511041907"
"312","Thomas_O._Perry","18845012","","3103","20201128175756"
"313","Environmental_impact_of_wind_power","18985866","","114084","20210527124100"
"314","Drag_reducing_agent","19631836","","7607","20210203211602"
"315","Wind_resource_assessment","20018805","","13733","20210121091135"
"316","Expansion_tunnel","20078811","","10526","20191123064315"
"317","Generation_on_the_Wind","20234988","","3438","20210420144132"
"318","Air_sock","20531624","","3194","20200723224452"
"319","Wind_turbine","20541773","","78409","20210508070420"
"320","Wind-turbine_aerodynamics","20876989","","34288","20210412160613"
"321","Guo_Yonghuai","21082189","","3940","20210421145040"
"322","Miroslav_Hajn","21344483","","2108","20200830184403"
"323","Pavel_Beneš","21344514","","2523","20210131122401"
"324","Experiments_in_Fluids","21420090","","2357","20210412135556"
"325","Herbert_A._Wagner","21500178","","8039","20210213000743"
"326","K-factor_(aeronautics)","21564798","","998","20180129223815"
"327","Offshore_Marine_Management","21608447","","2582","20210111042905"
"328","Milton_Van_Dyke","21630099","","7932","20201214182341"
"329","Vertical_penetration","21894711","","2674","20170825085237"
"330","Mixed-mode_ventilation","22117540","","1043","20210201124651"
"331","Robert_H._Scanlan","22326598","","7738","20210213205742"
"332","Loss_of_tail-rotor_effectiveness","22721859","","3592","20200315150859"
"333","Meredith_effect","22751476","","4840","20210313135139"
"334","Offshore_wind_power","22757822","","88485","20210524173205"
"335","Whiffling","22874282","","2833","20200906131612"
"336","Laminar–turbulent_transition","23163934","","12069","20200214223234"
"337","Kumazō_Hino","23543059","","4948","20200704094158"
"338","Cheng_Xu","23656783","","17804","20200416213223"
"339","Trickle_vent","23691533","","2421","20200808001238"
"340","John_Eckland","23837856","","8148","20210504052847"
"341","Reynolds_number","23868856","","45394","20210527132316"
"342","Coefficient_of_moment","23877012","","416","20210502214950"
"343","Kelly_Johnson_(engineer)","24438083","","38476","20210509040445"
"344","T3_Hypersonic_wind_tunnel","24546288","","1280","20200104043318"
"345","Lagrangian_coherent_structure","25077398","","72701","20210521062850"
"346","Supersonic_airfoils","25082219","","6838","20210226150310"
"347","WindSim","25232357","","1363","20160101152602"
"348","Slowed_rotor","25499652","","37897","20210313152754"
"349","Intubed_propeller","25690241","","146","20180428060605"
"350","TECO_Electric_and_Machinery","25825205","","5720","20210519181236"
"351","Smoke_dampers","25894810","","3720","20190412150005"
"352","Biosafety_cabinet","26366005","","18651","20201230195442"
"353","Magonia_(mythology)","26504149","","2899","20210526171911"
"354","Ben_Agathangelou","26542604","","3217","20210507114451"
"355","Kline–Fogleman_airfoil","26794949","","10761","20210319093830"
"356","Condensation_cloud","26834979","","5369","20210422221649"
"357","Numerical_Wind_Tunnel","26835219","","2611","20210404030807"
"358","Freestream","27260107","","541","20200324175150"
"359","Forces_on_sails","27739767","","71750","20210512001741"
"360","Wind_ENergy_Data_&_Information_(WENDI)_Gateway","27851220","","6560","20191003110513"
"361","RETScreen","28296423","","24458","20200829184418"
"362","Harry_Garner","28724807","","4294","20201014043115"
"363","Tony_Fairbrother","28759332","","3322","20190911153341"
"364","Underfloor_air_distribution","29486330","","28649","20210114103453"
"365","Aircraft_design_process","29564581","","36162","20210516122829"
"366","Albert_Francis_Zahm","29701713","","8736","20210527022116"
"367","Flight_dynamics","30030151","","5671","20210111144709"
"368","Windmade","30544695","","1731","20161112082030"
"369","Ferrari_factory","31054509","","2231","20181229124244"
"370","Flow_conditioning","31456567","","32793","20210325130356"
"371","Virginius_E._Clark","31500200","","3502","20210202094824"
"372","Bernoulli_grip","31879870","","3164","20200226133603"
"373","QBlade","31917990","","11098","20210413125741"
"374","Global_Wind_Day","32038976","","7984","20210509225337"
"375","Sighard_F._Hoerner","32089236","","4506","20200717221829"
"376","Earl_Schuyler_Kleinhans","32094230","","7541","20201209192332"
"377","Wind_hybrid_power_systems","32115739","","28561","20210527121602"
"378","Solar-powered_fan","32345528","","5238","20201223143055"
"379","Wind_lens","32918795","","11529","20200623031715"
"380","John_Iley","33884348","","2509","20210308102019"
"381","National_Transonic_Facility","34114532","","1909","20210112200421"
"382","Paul_R._Hill","34275017","","15682","20210504183534"
"383","Aerodynamic_and_Propulsion_Test_Unit","34341266","","2142","20190928164445"
"384","Kitchen_ventilation","34468156","","2926","20201130065354"
"385","Air-mixing_plenum","34884919","","4087","20210201232851"
"386","European_Transonic_Wind_Tunnel","35276033","","3123","20190901082653"
"387","Harry_Hinde","35658777","","5946","20210326003108"
"388","Outline_of_wind_energy","35926863","","23301","20210119122900"
"389","Drag_curve","36037779","","19362","20210527123637"
"390","Liftra","37849809","","4169","20201217210523"
"391","Copper_in_renewable_energy","37904380","","60428","20210417133550"
"392","Insulating_draft_guard","38078961","","2688","20171007091421"
"393","TurboSwing","38096337","","6987","20201130065653"
"394","Krzysztof_Kubryński","38118167","","2061","20200226120320"
"395","Wolfgang_Liebe","38584681","","2673","20200719151621"
"396","Aeolian_sound","38633248","","3379","20200606174044"
"397","Tubercle_effect","39082112","","12670","20201215171031"
"398","Jannette_B._Frandsen","39139387","","8971","20210418125235"
"399","Focke's_wind_tunnel","39556262","","2503","20210320162414"
"400","New_Bedford_Marine_Commerce_Terminal","39965136","","1461","20210511195633"
"401","History_of_aerodynamics","40119871","","29267","20210423121839"
"402","Air_bearing","40400006","","26007","20210418202113"
"403","Minimum_control_speeds","40766961","","15963","20210308212309"
"404","Wind_Data_Generator","41334763","","3053","20171013205914"
"405","Wind_turbine_prognostics","41442780","","7890","20210114224629"
"406","Air_Infiltration_and_Ventilation_Centre","41657867","","12076","20210210221454"
"407","Building_airtightness","41850256","","13914","20210114045011"
"408","List_of_wind_tunnels","41959141","","20574","20210518072004"
"409","Hypervelocity_Wind_Tunnel_9","42091230","","2994","20210309014533"
"410","Von_Karman_Gas_Dynamics_Facility","42091943","","2758","20201012171446"
"411","Propulsion_Wind_Tunnel_Facility","42092316","","4415","20200512024939"
"412","Virginia_Tech_Stability_Wind_Tunnel","42356112","","3758","20201215075106"
"413","Standard_wind_tunnel_models","42713229","","9714","20200206005542"
"414","Davenport_chained_rotations","43098291","","17468","20210504032850"
"415","AGARD-B_wind_tunnel_model","43099131","","11712","20200909045936"
"416","Tethys_(database)","43107372","","25748","20210115082537"
"417","Klebanoff–Saric_Wind_Tunnel","43475691","","1211","20171106183412"
"418","National_Wind_Tunnel_Facility","43497778","","5341","20200502022810"
"419","Wiktor_Eckhaus","43756941","","8596","20210313232404"
"420","TightVent_Europe","43828070","","10932","20210104101348"
"421","Wiet_Huidekoper","43949917","","7454","20210102182838"
"422","Steady_flight","43953213","","9915","20210302005017"
"423","Coherent_turbulent_structure","44059936","","18292","20210405092701"
"424","A2_Wind_Tunnel","44076517","","1667","20201201191634"
"425","Gun_tunnel","44153629","","1201","20200104203120"
"426","Supersonic_flow_over_a_flat_plate","44321440","","3630","20150121002225"
"427","Transition_modeling","44381526","","1969","20200324122518"
"428","Venticool","44457464","","12671","20210131032950"
"429","Monier_Ventilation_Shaft_3","44484328","","13906","20180604033508"
"430","Skin_friction_drag","44569825","","6863","20210205193935"
"431","Monier_Ventilation_Shaft_1","45227429","","13925","20180604033343"
"432","Monier_Ventilation_Shaft_2","45253979","","14004","20180604033426"
"433","Wind_Energy_(journal)","45447250","","1577","20200808232327"
"434","Victor_Vâlcovici","45710371","","4916","20201030154756"
"435","Ductwork_airtightness","46692187","","12778","20210522182703"
"436","Johanna_Weber","47202195","","12412","20201130022819"
"437","Beverley_Shenstone","48424335","","21492","20210423122018"
"438","Angle_of_incidence_(aerodynamics)","48934114","","3234","20210415151550"
"439","Offshore_Structures_(Britain)_Ltd.","49445049","","10182","20200824130543"
"440","Auto_Research_Center","49483110","","6267","20200624030717"
"441","Cyclorotor","50078940","","29967","20210305082331"
"442","Frank_Wattendorf","50327814","","4100","20201121134001"
"443","Alfred_Gessow","50521616","","13765","20190923040522"
"444","EcoDemonstrator","50830497","","14227","20200630211008"
"445","Active_flow_control","50831293","","110","20190806093211"
"446","Richard_Clarkson","50968789","","3935","20201015093514"
"447","R_J_Mitchell_Wind_Tunnel","51555217","","6254","20180627103327"
"448","Glenn_L._Martin_Wind_Tunnel","52653752","","3209","20190128131647"
"449","Peter_Hearne","52856483","","2401","20210424233912"
"450","Laurence_Clancy","52867099","","3240","20200225024946"
"451","MARHy_Wind_Tunnel","53867888","","9242","20201211093726"
"452","PHEDRA_(Arc-jet)_high_enthalpy_wind_tunnel","54011319","","6146","20210524095834"
"453","Ray_Creasey","54905880","","2870","20201001094031"
"454","Trim_drag","55130878","","1162","20201126074821"
"455","Arseny_Mironov","56163912","","36384","20210517051537"
"456","Nolder","56306256","","7596","20210506233711"
"457","Don_Dykins","56511941","","1605","20201028074658"
"458","Max_Taitz","56791969","","28044","20210217201939"
"459","Meteodyn_WT","56966542","","5960","20210415123758"
"460","Thermal_boundary_layer_thickness_and_shape","57255362","","10872","20200215171030"
"461","Propeller_Research_Tunnel","57631737","","7133","20210424034256"
"462","Clive_Leyman","57641405","","2799","20210121121004"
"463","Blade-vortex_interaction","57679083","","13790","20201201230209"
"464","Ventilative_cooling","57716737","","17563","20210430154941"
"465","Breakthrough_Laminar_Aircraft_Demonstrator_in_Europe","57899033","","4208","20210522102941"
"466","Gwen_Alston","58001601","","10124","20210522163634"
"467","Ballistic_table","58207196","","3152","20210527063233"
"468","Global_Wind_Atlas","58606900","","9625","20210319152310"
"469","Gas_turbine_engine_thrust","58858795","","12276","20201011010059"
"470","Novar_Wind_Farm","59690221","","5178","20210111222152"
"471","Aerodynamics_Research_Institute","59862590","","3824","20210509152427"
"472","Robert_Jones_(aerodynamicist)","62826597","","3272","20201001095234"
"473","Chalais-Meudon","62829726","","20136","20210509114937"
"474","Jules_Verne_climatic_wind_tunnel","62954728","","1615","20200304134918"
"475","Bill_Kitchen_(inventor)","63015970","","14437","20210408094051"
"476","Jean_Rech","63134040","","1294","20210512151308"
"477","Leslie_Stephen_George_Kovasznay","63224734","","8861","20210320023052"
"478","Wind_Farms_in_the_Sustainable_Reserve_of_Ponta_do_Tubarão","63437580","","22055","20210521182721"
"479","Dirk_de_Beer","63510445","","4737","20210215145240"
"480","Hermann_Behrbohm","63706401","","11100","20210423184253"
"481","Tehachapi_Energy_Storage_Project","63914249","","46773","20210525194355"
"482","Bertil_Dillner","63936102","","5841","20201012021540"
"483","Richard_Hiscocks","64179182","","2140","20200818104255"
"484","Saul_Kaplun","64226290","","11039","20210323175449"
"485","Andrew_Garrad","64504233","","10771","20210225021429"
"486","Sivaguru_S._Sritharan","64587441","","7841","20210315164906"
"487","John_Owen_(Formula_One)","64705629","","3681","20210315180853"
"488","Mike_Elliott_(Formula_One)","64706996","","4169","20210420184952"
"489","Jarrod_Murphy","64707381","","3188","20210425200950"
"490","British_Hydromechanics_Research_Association","64815290","","2147","20210203015301"
"491","Body_flaps","65256065","","657","20210208112934"
"492","Erik_Bratt","65436807","","4897","20210226134615"
"493","Tore_Gullstrand","65436939","","3190","20201211014621"
"494","Franz_Xaver_Wortmann","65458632","","2757","20210126181609"
"495","Sten_Luthander","65557028","","3141","20210115090038"
"496","Frid_Wänström","65557761","","2350","20210105234305"
"497","Lars_Brising","65739435","","3697","20210115060346"
"498","Mark_Ellis_(Formula_One)","66499766","","6771","20210215143125"
"499","Daniel_Bernasconi","67134687","","4205","20210523174721"
"500","Gregorio_Millán_Barbany","67618011","","5039","20210509223810"